{
  "method": "weighted_mean",
  "strategy": "none",
  "percent": 10,
  "selected_start": 13,
  "selected_end_inclusive": 15,
  "baseline_ppl": 12.408719142264108,
  "post_ppl": 11.563365317544985,
  "delta_ppl": -0.8453538247191226,
  "inserted_idx": null,
  "rank": 16
}