{
  "method": "weighted_mean",
  "strategy": "tblock_avg",
  "percent": 50,
  "selected_start": 7,
  "selected_end_inclusive": 21,
  "baseline_ppl": 12.408719142264108,
  "post_ppl": 161.5150019261339,
  "delta_ppl": 149.10628278386977,
  "inserted_idx": 7,
  "rank": 16
}