{
  "method": "weighted_mean",
  "strategy": "tblock_lr_mean",
  "percent": 10,
  "selected_start": 12,
  "selected_end_inclusive": 15,
  "baseline_ppl": 12.408719142264108,
  "post_ppl": 12.252200269329839,
  "delta_ppl": -0.15651887293426903,
  "inserted_idx": 12,
  "rank": 16
}