{
  "method": "weighted_mean",
  "strategy": "tblock_consensus",
  "percent": 10,
  "selected_start": 12,
  "selected_end_inclusive": 15,
  "baseline_ppl": 12.408719142264108,
  "post_ppl": 12.22164058624069,
  "delta_ppl": -0.18707855602341716,
  "inserted_idx": 12,
  "rank": 16
}