method,strategy,percent,selected_start,selected_end_inclusive,ppl_before_heal,ppl_after_heal,delta_ppl,inserted_idx,rank
weighted_mean,tblock_blank,10,12,15,12.191073082786136,9.291985450771893,-2.8990876320142434,12,16
weighted_mean,tblock_avg,10,12,15,12.123242812086296,9.363852161149497,-2.7593906509367994,12,16
weighted_mean,tblock_blank,20,9,15,16.041896876383817,10.10929772409225,-5.932599152291566,9,16
weighted_mean,tblock_avg,20,9,15,15.765838542539562,10.057245946284219,-5.708592596255343,9,16
