method,strategy,percent,selected_start,selected_end_inclusive,ppl_before_heal,ppl_after_heal,delta_ppl,inserted_idx,rank
weighted_mean,tblock_blank,10,12,15,12.195707997663302,10.138438325466822,-2.0572696721964796,12,16
weighted_mean,tblock_avg,10,12,15,12.123242812086296,9.80180734495666,-2.3214354671296356,12,16
weighted_mean,tblock_blank,20,9,15,16.039674654386676,11.351433862957048,-4.688240791429628,9,16
weighted_mean,tblock_avg,20,9,15,15.765838542539562,10.749293005879595,-5.016545536659967,9,16
