method,strategy,percent,selected_start,selected_end_inclusive,baseline_ppl,post_ppl,delta_ppl,inserted_idx,rank
weighted_mean,none,10,13,15,12.408719142264108,11.563365317544985,-0.8453538247191226,,16
weighted_mean,tblock_blank,10,12,15,12.408719142264108,12.195707997663302,-0.21301114460080584,12.0,16
weighted_mean,tblock_avg,10,12,15,12.408719142264108,12.123242812086295,-0.28547633017781315,12.0,16
weighted_mean,none,20,11,16,12.408719142264108,13.7107564750729,1.3020373328087924,,16
weighted_mean,tblock_blank,20,9,15,12.408719142264108,16.039674654386676,3.6309555121225685,9.0,16
weighted_mean,tblock_avg,20,9,15,12.408719142264108,15.765838542539562,3.3571194002754545,9.0,16
