{
  "method": "weighted_mean",
  "strategy": "none",
  "percent": 50,
  "selected_start": 7,
  "selected_end_inclusive": 20,
  "baseline_ppl": 12.408719142264108,
  "post_ppl": 71.84021148530954,
  "delta_ppl": 59.431492343045434,
  "inserted_idx": null,
  "rank": 16
}