{
  "method": "weighted_mean",
  "strategy": "tblock_lr_mean",
  "percent": 40,
  "selected_start": 7,
  "selected_end_inclusive": 18,
  "baseline_ppl": 12.408719142264108,
  "post_ppl": 40.035429191426566,
  "delta_ppl": 27.626710049162458,
  "inserted_idx": 7,
  "rank": 16
}