{
  "method": "weighted_mean",
  "strategy": "tblock_avg",
  "percent": 10,
  "selected_start": 12,
  "selected_end_inclusive": 15,
  "ppl_before_heal": 12.123242812086296,
  "ppl_after_heal": 10.323147589748892,
  "delta_ppl": -1.8000952223374043,
  "inserted_idx": 12,
  "rank": 16
}