{
  "method": "weighted_mean",
  "strategy": "tblock_avg",
  "percent": 10,
  "selected_start": 12,
  "selected_end_inclusive": 15,
  "baseline_ppl": 12.408719142264108,
  "post_ppl": 12.123242812086295,
  "delta_ppl": -0.28547633017781315,
  "inserted_idx": 12,
  "rank": 16
}