{
  "method": "weighted_mean",
  "strategy": "tblock_blank",
  "percent": 40,
  "selected_start": 7,
  "selected_end_inclusive": 18,
  "baseline_ppl": 12.408719142264108,
  "post_ppl": 40.012594124333084,
  "delta_ppl": 27.603874982068977,
  "inserted_idx": 7,
  "rank": 16
}