{
  "method": "weighted_mean",
  "strategy": "tblock_lr_mean",
  "percent": 50,
  "selected_start": 7,
  "selected_end_inclusive": 21,
  "baseline_ppl": 12.408719142264108,
  "post_ppl": 167.14912057924118,
  "delta_ppl": 154.74040143697707,
  "inserted_idx": 7,
  "rank": 16
}