{
  "method": "weighted_mean",
  "strategy": "tblock_lr_mean",
  "percent": 20,
  "selected_start": 9,
  "selected_end_inclusive": 15,
  "baseline_ppl": 12.408719142264108,
  "post_ppl": 16.073601826915855,
  "delta_ppl": 3.6648826846517473,
  "inserted_idx": 9,
  "rank": 16
}