{
  "method": "weighted_mean",
  "strategy": "tblock_blank",
  "percent": 10,
  "selected_start": 12,
  "selected_end_inclusive": 15,
  "baseline_ppl": 12.408719142264108,
  "post_ppl": 12.19497674608385,
  "delta_ppl": -0.21374239618025825,
  "inserted_idx": 12,
  "rank": 16
}