{
  "method": "weighted_mean",
  "strategy": "none",
  "percent": 10,
  "selected_start": 13,
  "selected_end_inclusive": 15,
  "baseline_ppl": 12.17561275985492,
  "post_ppl": 11.489751077332084,
  "delta_ppl": -0.6858616825228356,
  "inserted_idx": null,
  "rank": 16
}